,end_nm,base_date,price_per_area,cntrc_area,lot_purpose,use_area,road_cndtn
0,옥련동,2018,154.93,71.0,전,제1종일반주거지역,12m미만
1,송도동,2018,385.162,168.76,대,준주거지역,25m미만
2,선학동,2018,62.192,894.0,전,개발제한구역,8m미만
3,동춘동,2018,100.87,506.0,임야,제1종일반주거지역,-
4,동춘동,2018,112.188,722.0,임야,제1종일반주거지역,-
5,동춘동,2018,102.992,119.0,전,제1종일반주거지역,-
6,동춘동,2018,90.441,148.55,임야,제1종일반주거지역,-
7,동춘동,2018,83.152,400.0,전,제1종일반주거지역,-
8,동춘동,2018,111.033,392.0,대,제1종일반주거지역,-
9,송도동,2018,75.625,4335.0,대,준주거지역,25m미만
10,선학동,2018,47.209,1021.0,전,개발제한구역,8m미만
11,동춘동,2018,95.226,771.97,전,제2종일반주거지역,-
12,옥련동,2018,271.0,170.0,도로,제3종일반주거지역,25m이상
13,동춘동,2018,75.77,3480.0,임야,제1종일반주거지역,-
14,동춘동,2018,68.718,4445.0,임야,제1종일반주거지역,-
15,송도동,2018,452.899,165.6,대,준주거지역,25m미만
16,송도동,2018,356.343,321.6,대,준주거지역,25m이상
17,송도동,2018,344.33,166.41,대,준주거지역,25m이상
18,송도동,2018,343.463,166.83,대,준주거지역,25m이상
19,송도동,2018,372.574,166.41,대,준주거지역,25m이상
20,송도동,2018,397.855,173.43,대,준주거지역,25m이상
21,동춘동,2018,146.032,630.0,전,제2종일반주거지역,-
22,선학동,2018,39.088,307.0,전,개발제한구역,12m미만
23,송도동,2018,410.983,167.89,대,준주거지역,25m미만
24,동춘동,2018,93.788,886.0,전,제3종일반주거지역,-
25,송도동,2018,584.021,166.09,대,준주거지역,25m이상
26,청학동,2018,301.265,600.8,대,중심상업지역,25m미만
27,선학동,2018,174.98,248.0,전,제1종일반주거지역,-
28,선학동,2018,174.98,248.6,전,제1종일반주거지역,25m이상
29,동춘동,2018,209.811,238.0,목장용지,자연녹지지역,-
30,동춘동,2018,103.631,445.0,전,제1종일반주거지역,-
31,옥련동,2018,219.565,92.0,답,준주거지역,8m미만
32,옥련동,2018,217.143,315.0,답,준주거지역,8m미만
33,옥련동,2018,185.099,216.1,대,근린상업지역,8m미만
34,옥련동,2018,95.294,8.5,대,자연녹지지역,12m미만
35,동춘동,2018,30.132,531.0,임야,자연녹지지역,-
36,동춘동,2018,93.693,1854.0,전,제3종일반주거지역,-
37,동춘동,2018,139.871,224.0,답,제2종일반주거지역,-
38,옥련동,2018,225.0,4.0,답,준주거지역,-
39,옥련동,2018,140.753,6.11,임야,제3종일반주거지역,8m미만
40,송도동,2018,350.52,9032.0,대,중심상업지역,25m이상
41,송도동,2018,458.998,10263.0,대,중심상업지역,25m이상
42,송도동,2018,542.536,168.94,대,준주거지역,25m이상
43,옥련동,2018,166.456,237.3,대,준주거지역,8m미만
44,옥련동,2018,160.721,255.1,대,준주거지역,8m미만
45,선학동,2018,200.0,10.0,대,제1종일반주거지역,-
46,동춘동,2018,86.957,92.0,답,제2종일반주거지역,-
47,옥련동,2018,135.135,37.0,대,준주거지역,8m미만
48,동춘동,2018,22.727,198.0,임야,자연녹지지역,8m미만
49,송도동,2018,600.06,166.65,대,준주거지역,25m이상
50,송도동,2018,361.664,165.9,대,준주거지역,25m미만
51,옥련동,2018,164.889,9.0,대,제2종일반주거지역,25m이상
52,옥련동,2018,164.902,61.0,대,제2종일반주거지역,25m이상
53,옥련동,2018,163.079,669.0,전,준주거지역,8m미만
54,옥련동,2018,55.401,287.0,도로,준주거지역,8m미만
55,동춘동,2018,242.971,288.1,대,근린상업지역,12m미만
56,옥련동,2018,60.988,168.0,임야,제1종일반주거지역,12m미만
57,청학동,2018,87.0,36.0,잡종지,제1종일반주거지역,-
58,청학동,2018,87.0,78.0,잡종지,제1종일반주거지역,-
59,송도동,2018,440.739,83.95,대,준주거지역,25m미만
60,송도동,2018,368.18,165.68,대,준주거지역,25m미만
61,동춘동,2018,129.38,371.0,잡종지,제3종일반주거지역,-
62,청학동,2018,200.0,6.0,잡종지,제1종일반주거지역,12m미만
63,옥련동,2018,174.03,67.0,대,제2종일반주거지역,25m이상
64,송도동,2018,367.847,165.83,대,준주거지역,25m미만
65,옥련동,2018,106.643,14.0,전,제1종일반주거지역,8m미만
66,옥련동,2018,106.669,160.0,전,제1종일반주거지역,8m미만
67,송도동,2018,434.783,165.6,대,준주거지역,12m미만
68,옥련동,2018,60.0,30.0,도로,준주거지역,8m미만
69,송도동,2018,367.758,165.87,대,준주거지역,25m미만
70,선학동,2018,132.566,1999.0,전,제1종일반주거지역,8m미만
71,송도동,2018,374.215,165.68,대,준주거지역,25m미만
72,송도동,2018,399.765,170.1,대,준주거지역,25m미만
73,선학동,2018,90.439,387.0,전,자연녹지지역,25m이상
74,송도동,2018,358.339,170.23,대,준주거지역,25m미만
75,선학동,2018,60.504,119.0,전,제1종일반주거지역,-
76,동춘동,2018,180.709,426.1,대,근린상업지역,12m미만
77,선학동,2018,75.0,2.0,답,제1종일반주거지역,8m미만
78,송도동,2018,722.5,166.09,대,준주거지역,25m이상
79,송도동,2018,361.46,168.76,대,준주거지역,25m미만
80,옥련동,2018,165.391,65.3,대,일반상업지역,25m이상
81,송도동,2018,361.882,165.8,대,준주거지역,25m미만
82,동춘동,2018,134.577,992.0,대,자연녹지지역,8m미만
83,동춘동,2018,64.286,70.0,대,자연녹지지역,25m이상
84,송도동,2018,422.552,165.66,대,준주거지역,25m미만
85,동춘동,2018,12.776,861.0,잡종지,자연녹지지역,8m미만
86,옥련동,2018,163.934,61.0,대,제1종일반주거지역,12m미만
87,옥련동,2018,164.057,1341.0,대,제1종일반주거지역,12m미만
88,동춘동,2018,112.063,126.0,전,제2종일반주거지역,-
89,동춘동,2018,130.273,293.0,전,제2종일반주거지역,-
90,동춘동,2018,39.27,178.0,도로,제1종일반주거지역,-
91,동춘동,2018,39.734,188.0,도로,제3종일반주거지역,-
92,옥련동,2018,176.0,46.0,대,준주거지역,8m미만
93,옥련동,2018,130.0,1.0,전,제1종일반주거지역,12m미만
94,옥련동,2018,130.0,42.0,임야,제1종일반주거지역,12m미만
95,옥련동,2018,150.0,1.0,전,제1종일반주거지역,8m미만
96,옥련동,2018,181.507,67.0,대,제2종일반주거지역,25m이상
97,송도동,2018,530.353,166.87,대,준주거지역,12m미만
98,송도동,2018,351.906,170.5,대,준주거지역,25m미만
99,송도동,2018,416.465,165.68,대,준주거지역,25m미만
100,동춘동,2018,278.388,819.0,답,준주거지역,-
101,연수동,2018,259.153,243.1,대,제2종일반주거지역,8m미만
102,선학동,2018,51.376,1446.0,전,개발제한구역,25m이상
103,송도동,2018,453.008,165.56,대,준주거지역,25m미만
104,동춘동,2018,171.343,1675.0,잡종지,자연녹지지역,25m이상
105,송도동,2018,367.847,165.83,대,준주거지역,12m미만
106,동춘동,2018,100.869,145.0,대,제1종일반주거지역,-
107,옥련동,2018,107.143,7.0,전,제1종일반주거지역,8m미만
108,옥련동,2018,106.667,82.5,전,제1종일반주거지역,8m미만
109,옥련동,2018,86.061,165.0,대,제2종일반주거지역,-
110,옥련동,2018,86.307,241.0,대,제2종일반주거지역,-
111,송도동,2018,752.43,874.5,대,준주거지역,25m미만
112,송도동,2018,367.847,165.83,대,준주거지역,12m미만
113,송도동,2018,404.345,165.7,대,준주거지역,25m미만
114,옥련동,2018,236.434,129.0,대,제3종일반주거지역,8m미만
115,청학동,2018,50.0,4.0,도로,제1종일반주거지역,12m미만
116,송도동,2018,558.861,166.41,대,준주거지역,25m이상
117,동춘동,2018,69.656,1249.0,임야,보전녹지지역,12m미만
118,옥련동,2018,257.816,189.67,대,제3종일반주거지역,25m이상
119,송도동,2018,440.662,165.66,대,준주거지역,25m미만
120,옥련동,2018,106.0,15.0,대,자연녹지지역,8m미만
121,옥련동,2018,100.0,1.0,대,자연녹지지역,12m미만
122,옥련동,2018,55.556,9.0,전,자연녹지지역,-
123,송도동,2018,367.703,55.3,대,준주거지역,25m미만
124,동춘동,2018,142.12,415.0,임야,제1종일반주거지역,-
125,송도동,2018,367.758,165.87,대,준주거지역,25m미만
126,옥련동,2018,213.178,129.0,대,제3종일반주거지역,8m미만
127,동춘동,2018,189.084,513.0,전,자연녹지지역,-
128,송도동,2018,367.869,82.91,대,준주거지역,25m미만
129,동춘동,2018,186.047,645.0,답,준주거지역,-
130,송도동,2018,782.708,166.09,대,준주거지역,25m이상
131,송도동,2018,782.708,332.18,대,준주거지역,25m이상
132,송도동,2018,780.078,166.65,대,준주거지역,25m이상
133,연수동,2018,7.344,817.0,임야,보전녹지지역,-
134,송도동,2018,376.274,168.76,대,준주거지역,25m미만
135,송도동,2018,449.147,165.87,대,준주거지역,25m미만
136,송도동,2018,410.009,33.17,대,준주거지역,25m미만
137,송도동,2018,409.968,99.52,대,준주거지역,25m미만
138,송도동,2018,409.885,16.59,대,준주거지역,25m미만
139,송도동,2018,409.96,165.87,대,준주거지역,25m미만
140,송도동,2018,74.757,9663.6,공장용지,준공업지역,25m이상
141,송도동,2018,439.819,2469.2,대,준주거지역,25m미만
142,송도동,2018,451.836,2483.2,대,준주거지역,25m미만
143,송도동,2018,731.25,2431.3,대,준주거지역,25m미만
144,송도동,2018,714.515,4982.4,대,준주거지역,25m이상
145,송도동,2018,922.629,4982.5,대,준주거지역,25m이상
146,송도동,2018,675.474,1241.6,대,준주거지역,25m이상
147,옥련동,2018,166.667,15.0,임야,제1종일반주거지역,8m미만
148,선학동,2018,41.756,467.0,전,개발제한구역,12m미만
149,동춘동,2018,109.524,21.0,전,제2종일반주거지역,25m미만
150,송도동,2018,391.307,166.11,대,준주거지역,25m미만
151,송도동,2018,586.528,165.38,대,준주거지역,25m이상
152,연수동,2018,26.4,40.0,임야,보전녹지지역,-
153,연수동,2018,26.566,53.0,임야,보전녹지지역,-
154,연수동,2018,26.667,66.0,임야,보전녹지지역,-
155,연수동,2018,5.699,386.0,임야,보전녹지지역,-
156,연수동,2018,26.302,86.0,임야,보전녹지지역,-
157,연수동,2018,26.4,10.0,임야,보전녹지지역,-
158,연수동,2018,26.552,116.0,임야,보전녹지지역,-
159,연수동,2018,5.739,575.0,임야,보전녹지지역,-
160,연수동,2018,25.588,17.0,임야,보전녹지지역,-
161,연수동,2018,25.882,17.0,임야,보전녹지지역,-
162,연수동,2018,26.667,33.0,임야,보전녹지지역,-
163,동춘동,2018,269.421,222.7,대,제2종일반주거지역,-
164,송도동,2018,384.524,169.04,대,준주거지역,25m미만
165,옥련동,2018,200.0,1.5,답,제2종일반주거지역,25m이상
166,옥련동,2018,255.971,189.67,대,제3종일반주거지역,25m이상
167,송도동,2018,485.681,2423.4,대,준주거지역,25m미만
168,연수동,2018,25.882,17.0,임야,보전녹지지역,-
169,연수동,2018,26.1,20.0,임야,보전녹지지역,-
170,송도동,2018,379.816,165.87,대,준주거지역,25m미만
171,옥련동,2018,56.106,303.0,잡종지,제3종일반주거지역,8m미만
172,송도동,2018,387.506,85.16,대,준주거지역,25m미만
173,송도동,2018,380.481,165.58,대,준주거지역,12m미만
174,연수동,2018,300.752,226.1,대,제2종일반주거지역,8m미만
175,송도동,2018,374.238,165.67,대,준주거지역,12m미만
176,동춘동,2018,56.0,1.0,임야,자연녹지지역,8m미만
177,송도동,2018,410.058,165.83,대,준주거지역,25m미만
178,동춘동,2018,53.143,14.0,도로,자연녹지지역,8m미만
179,연수동,2018,7.483,888.0,임야,보전녹지지역,-
180,연수동,2018,7.086,1148.0,임야,보전녹지지역,-
181,송도동,2018,74.757,4160.4,공장용지,준주거지역,25m미만
182,송도동,2018,74.757,5338.5,공장용지,준주거지역,25m미만
183,송도동,2018,391.968,165.83,대,준주거지역,25m미만
184,송도동,2018,391.968,165.83,대,준주거지역,12m미만
185,연수동,2018,26.4,40.0,임야,보전녹지지역,-
186,연수동,2018,26.4,50.0,임야,보전녹지지역,-
187,연수동,2018,26.506,83.0,임야,보전녹지지역,-
188,연수동,2018,26.667,132.0,임야,보전녹지지역,-
189,연수동,2018,25.882,17.0,임야,보전녹지지역,-
190,연수동,2018,26.1,20.0,임야,보전녹지지역,-
191,연수동,2018,26.65,317.0,임야,보전녹지지역,-
192,연수동,2018,26.667,33.0,임야,보전녹지지역,-
193,송도동,2018,74.757,9093.1,공장용지,준공업지역,25m이상
194,송도동,2018,74.757,10435.9,공장용지,준공업지역,25m이상
195,동춘동,2018,105.897,120.4,답,제1종일반주거지역,-
196,동춘동,2018,105.9,45.59,답,제1종일반주거지역,-
197,동춘동,2018,105.9,45.76,답,자연녹지지역,-
198,동춘동,2018,105.892,74.0,답,제1종일반주거지역,-
199,동춘동,2018,105.891,74.18,답,제1종일반주거지역,-
200,동춘동,2018,105.91,74.45,답,자연녹지지역,-
201,동춘동,2018,131.25,24.0,대,제1종일반주거지역,-
202,옥련동,2018,144.22,123.0,대,제1종일반주거지역,8m미만
203,송도동,2018,404.028,165.83,대,준주거지역,25m미만
204,옥련동,2018,183.566,129.0,대,제1종일반주거지역,8m미만
205,옥련동,2018,175.0,2.0,대,제1종일반주거지역,8m미만
206,연수동,2018,24.857,14.0,임야,보전녹지지역,-
207,연수동,2018,22.895,19.0,임야,보전녹지지역,-
208,연수동,2018,26.1,20.0,임야,보전녹지지역,-
209,연수동,2018,26.667,33.0,임야,보전녹지지역,-
210,연수동,2018,26.667,33.0,임야,보전녹지지역,-
211,연수동,2018,26.552,116.0,임야,보전녹지지역,-
212,연수동,2018,25.882,17.0,임야,보전녹지지역,-
213,옥련동,2018,151.45,462.2,대,제2종일반주거지역,8m미만
214,선학동,2018,144.516,93.0,전,제1종일반주거지역,8m미만
215,선학동,2018,87.695,512.0,전,제1종일반주거지역,8m미만
216,송도동,2018,564.516,992.0,대,준주거지역,25m미만
217,송도동,2018,410.058,165.83,대,준주거지역,25m미만
218,동춘동,2018,248.288,584.0,대,자연녹지지역,-
219,송도동,2018,304.39,256.25,대,준주거지역,25m미만
220,연수동,2018,26.1,40.0,임야,보전녹지지역,-
221,연수동,2018,26.4,40.0,임야,보전녹지지역,-
222,연수동,2018,26.302,43.0,임야,보전녹지지역,-
223,연수동,2018,26.605,43.0,임야,보전녹지지역,-
224,연수동,2018,26.4,50.0,임야,보전녹지지역,-
225,연수동,2018,26.246,57.0,임야,보전녹지지역,-
226,연수동,2018,26.667,66.0,임야,보전녹지지역,-
227,연수동,2018,26.4,70.0,임야,보전녹지지역,-
228,연수동,2018,26.329,76.0,임야,보전녹지지역,-
229,연수동,2018,26.632,76.0,임야,보전녹지지역,-
230,연수동,2018,26.205,83.0,임야,보전녹지지역,-
231,연수동,2018,26.4,100.0,임야,보전녹지지역,-
232,연수동,2018,26.667,132.0,임야,보전녹지지역,-
233,연수동,2018,26.529,136.0,임야,보전녹지지역,-
234,연수동,2018,25.588,17.0,임야,보전녹지지역,-
235,연수동,2018,26.1,20.0,임야,보전녹지지역,-
236,연수동,2018,26.4,20.0,임야,보전녹지지역,-
237,연수동,2018,25.667,24.0,임야,보전녹지지역,-
238,송도동,2018,465.088,165.56,대,준주거지역,25m미만
239,연수동,2018,26.364,33.0,임야,보전녹지지역,-
240,연수동,2018,26.364,33.0,임야,보전녹지지역,-
241,연수동,2018,26.667,33.0,임야,보전녹지지역,-
242,연수동,2018,26.667,33.0,임야,보전녹지지역,-
243,송도동,2018,400.718,172.7,도로,일반상업지역,25m이상
244,옥련동,2018,136.106,918.4,대,제2종일반주거지역,8m미만
245,동춘동,2018,112.98,1121.0,잡종지,자연녹지지역,25m이상
246,동춘동,2018,113.248,1121.0,잡종지,자연녹지지역,25m이상
247,송도동,2018,68.063,4504.0,대,준주거지역,25m미만
248,동춘동,2018,115.813,224.5,대,제1종일반주거지역,12m미만
249,송도동,2018,620.557,165.98,대,준주거지역,25m미만
250,송도동,2018,159.705,3360.0,대,준주거지역,25m이상
251,송도동,2018,374.328,165.63,대,준주거지역,25m미만
252,송도동,2018,367.858,331.65,대,준주거지역,25m미만
253,송도동,2018,374.012,331.23,대,준주거지역,12m미만
254,송도동,2018,378.013,331.33,대,준주거지역,25m미만
255,송도동,2018,402.017,331.66,대,준주거지역,25m미만
256,동춘동,2018,60.5,3238.0,임야,자연녹지지역,8m미만
257,송도동,2018,18.113,12997.5,학교용지,제2종일반주거지역,25m미만
258,동춘동,2018,60.5,492.0,전,자연녹지지역,8m미만
259,송도동,2018,18.113,17767.0,학교용지,제2종일반주거지역,25m미만
260,송도동,2018,18.113,17985.9,학교용지,제2종일반주거지역,25m미만
261,송도동,2018,18.114,1867.6,공원,제2종일반주거지역,25m이상
262,송도동,2018,470.012,843.83,대,준주거지역,25m이상
263,동춘동,2018,60.506,79.0,전,자연녹지지역,8m미만
264,송도동,2018,18.113,2901.9,종교용지,제2종일반주거지역,25m미만
265,송도동,2018,367.847,165.83,대,준주거지역,25m미만
266,송도동,2018,367.913,165.8,대,준주거지역,25m미만
267,송도동,2018,374.17,165.7,대,준주거지역,25m미만
268,송도동,2018,374.238,165.67,대,준주거지역,25m미만
269,송도동,2018,373.877,165.83,대,준주거지역,25m미만
270,송도동,2018,373.877,165.83,대,준주거지역,12m미만
271,송도동,2018,426.733,165.6,대,준주거지역,25m미만
272,송도동,2018,470.001,168.77,대,준주거지역,25m이상
273,송도동,2018,469.999,173.43,대,준주거지역,25m이상
274,송도동,2018,381.836,170.23,대,준주거지역,25m미만
275,송도동,2018,391.802,165.9,대,준주거지역,25m미만
276,송도동,2018,470.815,165.67,대,준주거지역,25m미만
277,동춘동,2018,114.899,888.0,잡종지,자연녹지지역,-
278,동춘동,2018,114.899,888.0,잡종지,자연녹지지역,-
279,동춘동,2018,120.872,853.0,잡종지,자연녹지지역,-
280,동춘동,2018,120.946,888.0,잡종지,자연녹지지역,-
281,동춘동,2018,112.067,104.0,잡종지,자연녹지지역,-
282,동춘동,2018,115.096,104.0,잡종지,자연녹지지역,-
283,동춘동,2018,120.96,100.0,잡종지,자연녹지지역,-
284,동춘동,2018,121.154,104.0,잡종지,자연녹지지역,-
285,동춘동,2018,120.946,1480.0,잡종지,자연녹지지역,-
286,동춘동,2018,121.387,173.0,잡종지,자연녹지지역,-
287,동춘동,2018,111.0,35.0,잡종지,자연녹지지역,-
288,동춘동,2018,111.875,296.0,잡종지,자연녹지지역,-
289,동춘동,2018,61.574,592.0,잡종지,자연녹지지역,-
290,동춘동,2018,61.986,69.0,잡종지,자연녹지지역,-
291,동춘동,2018,76.986,592.0,잡종지,자연녹지지역,-
292,동춘동,2018,61.673,739.0,잡종지,자연녹지지역,-
293,동춘동,2018,61.46,87.0,잡종지,자연녹지지역,-
294,동춘동,2018,61.589,888.0,잡종지,자연녹지지역,-
295,동춘동,2018,61.606,888.0,잡종지,자연녹지지역,-
296,동춘동,2018,61.692,104.0,잡종지,자연녹지지역,-
297,동춘동,2018,111.875,592.0,잡종지,자연녹지지역,-
298,동춘동,2018,111.875,592.0,잡종지,자연녹지지역,-
299,동춘동,2018,111.875,592.0,잡종지,자연녹지지역,-
300,동춘동,2018,112.609,69.0,잡종지,자연녹지지역,-
301,동춘동,2018,120.946,592.0,잡종지,자연녹지지역,-
302,동춘동,2018,121.739,69.0,잡종지,자연녹지지역,-
303,동춘동,2018,111.875,888.0,잡종지,자연녹지지역,-
304,동춘동,2018,111.875,888.0,잡종지,자연녹지지역,-
305,동춘동,2018,111.875,888.0,잡종지,자연녹지지역,-
306,연수동,2018,26.4,50.0,임야,보전녹지지역,-
307,송도동,2018,98.786,5074.0,대,준주거지역,25m이상
308,송도동,2018,98.786,5253.5,대,준공업지역,25m이상
309,송도동,2018,68.732,10977.7,대,준주거지역,25m이상
310,송도동,2018,481.884,165.6,대,준주거지역,12m미만
311,송도동,2018,98.786,10033.0,대,준주거지역,25m이상
312,송도동,2018,98.786,10033.0,대,준주거지역,25m이상
313,송도동,2019,422.45,165.7,대,준주거지역,25m미만
314,옥련동,2019,77.308,104.0,전,제3종일반주거지역,8m미만
315,옥련동,2019,429.429,333.0,대,일반상업지역,25m이상
316,송도동,2019,858.086,166.65,대,준주거지역,25m이상
317,송도동,2019,599.341,166.85,대,준주거지역,25m미만
318,동춘동,2019,175.0,10.0,대,제1종일반주거지역,8m미만
319,동춘동,2019,18.718,21.37,도로,제1종일반주거지역,8m미만
320,동춘동,2019,90.772,6.61,도로,제1종일반주거지역,8m미만
321,동춘동,2019,158.392,423.0,대,제1종일반주거지역,-
322,송도동,2019,470.759,165.69,대,준주거지역,25m미만
323,청학동,2019,80.556,36.0,대,제1종일반주거지역,-
324,옥련동,2019,5.762,3471.0,임야,자연녹지지역,-
325,송도동,2019,469.991,498.28,대,준주거지역,25m이상
326,송도동,2019,470.0,999.9,대,준주거지역,25m이상
327,송도동,2019,405.334,170.23,대,준주거지역,25m미만
328,동춘동,2019,239.128,5216.2,대,일반상업지역,25m미만
329,연수동,2019,26.667,33.0,임야,보전녹지지역,-
330,송도동,2019,95.466,9427.4,대,제2종일반주거지역,25m이상
331,옥련동,2019,100.0,1.0,전,제3종일반주거지역,8m미만
332,동춘동,2019,170.0,600.0,대,자연녹지지역,8m미만
333,동춘동,2019,74.627,67.0,대,자연녹지지역,25m이상
334,동춘동,2019,73.14,793.0,임야,보전녹지지역,12m미만
335,송도동,2019,510.572,166.48,대,준주거지역,25m미만
336,송도동,2019,410.058,165.83,대,준주거지역,25m미만
337,송도동,2019,599.341,333.7,대,준주거지역,25m미만
338,송도동,2019,392.441,165.63,대,준주거지역,25m미만
339,송도동,2019,443.669,338.09,대,준주거지역,25m미만
340,송도동,2019,439.136,341.58,대,준주거지역,25m미만
341,송도동,2019,439.883,341.0,대,준주거지역,25m미만
342,송도동,2019,450.514,499.43,대,준주거지역,25m미만
343,송도동,2019,444.427,506.27,대,준주거지역,25m미만
344,송도동,2019,440.341,681.29,대,준주거지역,25m미만
345,송도동,2019,440.555,85.12,대,준주거지역,25m미만
346,송도동,2019,443.682,169.04,대,준주거지역,25m미만
347,송도동,2019,451.508,166.11,대,준주거지역,25m미만
348,송도동,2019,440.348,170.32,대,준주거지역,25m미만
349,송도동,2019,422.119,165.83,대,준주거지역,25m미만
350,송도동,2019,452.556,169.04,대,준주거지역,25m미만
351,송도동,2019,469.208,170.5,대,준주거지역,25m미만
352,송도동,2019,511.709,166.11,대,준주거지역,25m미만
353,동춘동,2019,264.925,5511.0,대,준주거지역,-
354,송도동,2019,595.486,167.93,대,준주거지역,25m미만
355,송도동,2019,599.269,166.87,대,준주거지역,12m미만
356,송도동,2019,595.468,335.87,대,준주거지역,25m미만
357,송도동,2019,595.474,503.8,대,준주거지역,25m미만
358,송도동,2019,599.278,667.47,대,준주거지역,12m미만
359,송도동,2019,543.708,165.53,대,준주거지역,25m미만
360,송도동,2019,382.792,168.76,대,준주거지역,25m미만
361,송도동,2019,502.84,169.04,대,준주거지역,25m미만
362,송도동,2019,513.471,82.77,대,준주거지역,25m미만
363,송도동,2019,382.158,169.04,대,준주거지역,25m미만
364,송도동,2019,378.242,170.79,대,준주거지역,25m미만
365,송도동,2019,497.687,170.79,대,준주거지역,25m미만
366,송도동,2019,543.708,165.53,대,준주거지역,25m미만
367,송도동,2019,379.286,85.16,대,준주거지역,25m미만
368,송도동,2019,388.035,166.48,대,준주거지역,25m미만
369,송도동,2019,378.886,170.5,대,준주거지역,25m미만
370,송도동,2019,533.302,168.76,대,준주거지역,25m미만
371,송도동,2019,378.264,85.39,대,준주거지역,25m미만
372,송도동,2019,379.286,170.32,대,준주거지역,25m미만
373,송도동,2019,390.262,165.53,대,준주거지역,25m미만
374,송도동,2019,408.211,170.5,대,준주거지역,25m미만
375,송도동,2019,388.899,166.11,대,준주거지역,25m미만
376,송도동,2019,382.792,168.76,대,준주거지역,25m미만
377,송도동,2019,390.262,165.53,대,준주거지역,25m미만
378,송도동,2019,378.242,170.79,대,준주거지역,25m미만
379,송도동,2019,388.035,166.48,대,준주거지역,25m미만
380,연수동,2019,25.882,17.0,임야,보전녹지지역,-
381,송도동,2019,378.886,170.5,대,준주거지역,25m미만
382,송도동,2019,293.64,2400.9,종교용지,제2종일반주거지역,-
383,송도동,2019,493.649,166.11,대,준주거지역,25m미만
384,송도동,2019,513.739,170.32,대,준주거지역,25m미만
385,송도동,2019,465.594,82.69,대,준주거지역,25m이상
386,송도동,2019,378.886,170.5,대,준주거지역,25m미만
387,송도동,2019,440.348,170.32,대,준주거지역,25m미만
388,송도동,2019,502.84,169.04,대,준주거지역,25m미만
389,송도동,2019,543.708,165.53,대,준주거지역,25m미만
390,송도동,2019,561.832,165.53,대,준주거지역,25m미만
391,송도동,2019,379.286,170.32,대,준주거지역,25m미만
392,송도동,2019,540.605,166.48,대,준주거지역,25m미만
393,송도동,2019,632.606,165.98,대,준주거지역,25m미만
394,송도동,2019,390.262,165.53,대,준주거지역,25m미만
395,송도동,2019,382.961,169.73,대,준주거지역,25m미만
396,송도동,2019,480.538,166.48,대,준주거지역,25m미만
397,송도동,2019,526.963,170.79,대,준주거지역,25m미만
398,송도동,2019,422.884,165.53,대,준주거지역,25m미만
399,송도동,2019,90.567,6008.5,대,제2종일반주거지역,25m이상
400,송도동,2019,373.719,165.9,대,준주거지역,25m미만
401,송도동,2019,392.275,165.7,대,준주거지역,25m미만
402,송도동,2019,422.119,165.83,대,준주거지역,25m미만
403,연수동,2019,26.4,20.0,임야,보전녹지지역,-
404,송도동,2019,451.862,165.98,대,준주거지역,25m미만
405,송도동,2019,512.11,165.98,대,준주거지역,25m미만
406,선학동,2019,127.273,22.0,전,제1종일반주거지역,-
407,송도동,2019,476.938,165.64,대,준주거지역,12m미만
408,선학동,2019,152.729,1997.0,대,제1종일반주거지역,8m미만
409,동춘동,2019,85.19,79.0,대,제3종일반주거지역,-
410,송도동,2019,422.45,165.7,대,준주거지역,25m미만
411,동춘동,2019,111.751,1736.0,답,제3종일반주거지역,-
412,송도동,2019,440.29,165.8,대,준주거지역,25m미만
413,옥련동,2019,76.923,13.0,잡종지,제1종일반주거지역,-
414,송도동,2019,663.05,165.9,대,준주거지역,25m미만
415,동춘동,2019,176.0,1.0,답,준주거지역,-
416,동춘동,2019,177.011,1883.0,잡종지,준주거지역,-
417,동춘동,2019,177.0,25.0,도로,준주거지역,-
418,선학동,2019,23.281,1786.0,전,개발제한구역,-
419,동춘동,2019,177.0,35.0,잡종지,준주거지역,-
420,동춘동,2019,177.009,339.0,도로,준주거지역,-
421,송도동,2019,464.135,165.9,대,준주거지역,25m미만
422,송도동,2019,422.144,82.91,대,준주거지역,25m미만
423,연수동,2019,26.1,20.0,임야,보전녹지지역,-
424,동춘동,2019,84.904,125.0,전,제3종일반주거지역,-
425,동춘동,2019,46.941,238.0,도로,제3종일반주거지역,-
426,동춘동,2019,117.0,1.0,답,제3종일반주거지역,-
427,동춘동,2019,110.905,158.0,전,제1종일반주거지역,-
428,동춘동,2019,119.888,161.0,대,제1종일반주거지역,-
429,동춘동,2019,99.666,275.5,전,제1종일반주거지역,-
430,동춘동,2019,82.887,3480.0,임야,제1종일반주거지역,-
431,동춘동,2019,83.287,3480.0,임야,제1종일반주거지역,-
432,동춘동,2019,126.276,29.0,대,제3종일반주거지역,-
433,옥련동,2019,158.878,205.0,대,제3종일반주거지역,-
434,동춘동,2019,75.536,4445.0,임야,제1종일반주거지역,-
435,동춘동,2019,79.313,4445.0,임야,제1종일반주거지역,-
436,동춘동,2019,119.31,42.0,대,제1종일반주거지역,-
437,동춘동,2019,148.273,55.0,대,제3종일반주거지역,-
438,송도동,2019,494.99,165.66,대,준주거지역,25m미만
439,동춘동,2019,115.753,81.0,답,제3종일반주거지역,-
440,연수동,2019,26.667,33.0,임야,보전녹지지역,-
441,동춘동,2019,77.839,16.29,임야,자연녹지지역,-
442,동춘동,2019,78.249,216.73,임야,제2종일반주거지역,-
443,동춘동,2019,78.184,82.28,임야,자연녹지지역,-
444,청학동,2019,52.525,495.0,잡종지,보전녹지지역,8m미만
445,송도동,2019,411.208,170.23,대,준주거지역,25m미만
446,송도동,2019,440.236,82.91,대,준주거지역,12m미만
447,동춘동,2019,23.882,125.62,임야,제1종일반주거지역,-
448,송도동,2019,583.805,171.29,대,준주거지역,25m미만
449,동춘동,2019,197.755,245.0,답,자연녹지지역,-
450,옥련동,2019,106.995,869.2,대,준주거지역,12m미만
451,옥련동,2019,69.1,1336.0,전,보전녹지지역,-
452,옥련동,2019,167.515,216.1,대,근린상업지역,8m미만
453,송도동,2019,221.485,8088.7,주차장,중심상업지역,25m미만
454,송도동,2019,221.485,1550.2,주차장,중심상업지역,25m미만
455,송도동,2019,221.485,3499.7,주차장,중심상업지역,25m이상
456,송도동,2019,446.24,165.83,대,준주거지역,25m미만
457,선학동,2019,45.051,30810.0,답,개발제한구역,8m미만
458,선학동,2019,45.057,35.0,제방,개발제한구역,8m미만
459,선학동,2019,45.051,36205.0,전,개발제한구역,25m이상
460,선학동,2019,45.051,4602.0,답,개발제한구역,8m미만
461,송도동,2019,18.113,12054.9,학교용지,제2종일반주거지역,25m미만
462,선학동,2019,45.052,658.0,답,개발제한구역,-
463,선학동,2019,3.327,9918.0,임야,보전녹지지역,8m미만
464,선학동,2019,45.0,8.0,답,개발제한구역,-
465,선학동,2019,45.051,856.0,임야,개발제한구역,-
466,선학동,2019,45.049,102.0,도로,개발제한구역,12m미만
467,선학동,2019,45.055,110.0,답,개발제한구역,25m이상
468,선학동,2019,45.048,125.0,전,개발제한구역,-
469,선학동,2019,45.083,12.0,전,개발제한구역,25m이상
470,연수동,2019,298.028,218.1,대,제2종일반주거지역,8m미만
471,선학동,2019,45.051,16330.0,임야,개발제한구역,-
472,선학동,2019,45.051,178.0,도로,개발제한구역,8m미만
473,선학동,2019,45.05,220.0,임야,개발제한구역,-
474,선학동,2019,45.05,221.0,도로,개발제한구역,12m미만
475,동춘동,2019,126.346,241.4,대,제1종일반주거지역,12m미만
476,송도동,2019,467.044,171.29,대,준주거지역,25m미만
477,동춘동,2019,181.648,149.41,대,자연녹지지역,-
478,동춘동,2019,181.521,35.23,대,제2종일반주거지역,-
479,선학동,2019,187.879,264.0,대,제1종일반주거지역,8m미만
480,선학동,2019,187.55,400.0,전,제1종일반주거지역,8m미만
481,옥련동,2019,17.772,202.0,묘지,보전녹지지역,-
482,동춘동,2019,0.303,6.61,도로,제1종일반주거지역,8m미만
483,선학동,2019,220.0,100.0,전,제1종일반주거지역,-
484,동춘동,2019,0.374,21.37,도로,제1종일반주거지역,8m미만
485,송도동,2019,719.295,166.83,대,준주거지역,25m이상
486,송도동,2019,422.527,165.67,대,준주거지역,25m미만
487,송도동,2019,118.906,9633.4,대,준주거지역,25m이상
488,동춘동,2019,78.514,16.29,임야,자연녹지지역,-
489,동춘동,2019,78.494,164.56,임야,자연녹지지역,-
490,동춘동,2019,110.916,119.0,전,제1종일반주거지역,-
491,동춘동,2019,131.643,1018.0,답,제3종일반주거지역,-
492,동춘동,2019,78.494,216.73,임야,제2종일반주거지역,-
493,동춘동,2019,44.08,50.0,도로,제3종일반주거지역,-
494,동춘동,2019,78.49,32.59,임야,자연녹지지역,-
495,동춘동,2019,122.982,169.0,대,제1종일반주거지역,-
496,동춘동,2019,136.833,1768.0,답,자연녹지지역,-
497,동춘동,2019,108.813,235.0,전,제3종일반주거지역,-
498,동춘동,2019,102.657,286.0,전,제1종일반주거지역,-
499,선학동,2019,138.776,245.0,전,제1종일반주거지역,12m미만
500,동춘동,2019,78.498,433.45,임야,제2종일반주거지역,-
501,동춘동,2019,108.817,3249.0,답,제3종일반주거지역,-
502,동춘동,2019,108.817,4426.0,전,제3종일반주거지역,-
503,동춘동,2019,139.107,392.0,전,자연녹지지역,-
504,동춘동,2019,78.5,82.28,임야,자연녹지지역,-
505,선학동,2019,173.709,426.0,대,제1종일반주거지역,8m미만
506,동춘동,2019,94.606,916.0,답,제2종일반주거지역,-
507,동춘동,2019,73.627,830.0,임야,자연녹지지역,-
508,동춘동,2019,91.734,992.0,전,제3종일반주거지역,-
509,동춘동,2019,110.859,163.0,잡종지,제1종일반주거지역,-
510,동춘동,2019,94.391,414.0,잡종지,제1종일반주거지역,-
511,동춘동,2019,134.534,369.0,전,제2종일반주거지역,-
512,동춘동,2019,146.086,488.0,답,제2종일반주거지역,-
513,동춘동,2019,119.194,175.0,대,제3종일반주거지역,-
514,동춘동,2019,89.55,400.0,전,제1종일반주거지역,-
515,동춘동,2019,102.56,587.6,전,제3종일반주거지역,-
516,동춘동,2019,113.619,63.0,전,제3종일반주거지역,-
517,송도동,2019,532.387,169.05,대,준주거지역,25m미만
518,동춘동,2019,103.273,1034.0,전,제1종일반주거지역,-
519,동춘동,2019,131.9,1726.0,전,자연녹지지역,-
520,동춘동,2019,131.899,248.0,전,자연녹지지역,-
521,동춘동,2019,102.696,117.96,전,제3종일반주거지역,-
522,동춘동,2019,95.758,1494.0,전,제1종일반주거지역,-
523,동춘동,2019,74.591,2322.0,임야,제1종일반주거지역,-
524,동춘동,2019,102.644,177.02,전,제3종일반주거지역,-
525,동춘동,2019,98.967,30.0,전,제1종일반주거지역,-
526,동춘동,2019,95.752,234.72,전,제1종일반주거지역,-
527,동춘동,2019,99.038,132.0,전,제3종일반주거지역,-
528,동춘동,2019,122.778,110.5,대,제3종일반주거지역,-
529,동춘동,2019,56.429,652.0,임야,제1종일반주거지역,-
530,동춘동,2019,118.313,83.0,답,제3종일반주거지역,-
531,동춘동,2019,92.965,114.0,답,제1종일반주거지역,-
532,동춘동,2019,97.401,148.54,임야,제1종일반주거지역,-
533,동춘동,2019,150.629,224.0,답,제2종일반주거지역,-
534,동춘동,2019,105.525,337.58,전,제2종일반주거지역,-
535,동춘동,2019,106.494,506.45,전,제2종일반주거지역,-
536,송도동,2019,591.996,168.92,대,준주거지역,25m미만
537,동춘동,2019,97.597,258.0,전,제1종일반주거지역,-
538,동춘동,2019,97.771,258.0,전,제1종일반주거지역,-
539,송도동,2019,410.058,165.83,대,준주거지역,12m미만
540,옥련동,2019,117.967,6612.0,잡종지,자연녹지지역,25m이상
541,동춘동,2019,424.152,400.8,대,근린상업지역,25m미만
542,송도동,2019,498.856,102444.6,대,제3종일반주거지역,25m이상
543,동춘동,2019,102.551,1524.0,전,제2종일반주거지역,-
544,동춘동,2019,98.951,595.0,전,제3종일반주거지역,-
545,동춘동,2019,105.752,605.0,전,제3종일반주거지역,-
546,동춘동,2019,122.667,28.5,대,제1종일반주거지역,-
547,동춘동,2019,122.6,35.0,대,제1종일반주거지역,-
548,동춘동,2019,122.617,47.0,대,제1종일반주거지역,-
549,동춘동,2019,108.661,575.0,전,제3종일반주거지역,-
550,선학동,2019,55.556,138.6,도로,제1종일반주거지역,8m미만
551,송도동,2019,434.18,165.83,대,준주거지역,25m미만
552,동춘동,2019,10.0,100.0,대,제1종일반주거지역,-
553,동춘동,2019,101.002,886.0,전,제3종일반주거지역,-
554,동춘동,2019,109.163,43.0,전,제1종일반주거지역,-
555,동춘동,2019,122.516,126.0,대,제1종일반주거지역,-
556,동춘동,2019,122.538,169.0,대,제1종일반주거지역,-
557,동춘동,2019,122.331,278.0,대,제1종일반주거지역,-
558,옥련동,2019,242.0,150.0,대,준주거지역,25m이상
559,동춘동,2019,123.389,347.0,대,제1종일반주거지역,-
560,동춘동,2019,73.046,152.0,임야,제1종일반주거지역,-
561,동춘동,2019,107.32,172.0,구거,자연녹지지역,-
562,동춘동,2019,122.667,28.5,대,제1종일반주거지역,-
563,동춘동,2019,107.319,370.0,전,자연녹지지역,-
564,동춘동,2019,122.6,35.0,대,제1종일반주거지역,-
565,동춘동,2019,122.617,47.0,대,제1종일반주거지역,-
566,동춘동,2019,107.318,66.0,구거,자연녹지지역,-
567,동춘동,2019,121.321,109.0,대,제1종일반주거지역,-
568,동춘동,2019,119.573,131.0,대,제1종일반주거지역,-
569,동춘동,2019,87.284,697.0,전,제1종일반주거지역,-
570,동춘동,2019,119.574,392.0,대,제1종일반주거지역,-
571,동춘동,2019,163.112,347.0,대,제1종일반주거지역,-
572,송도동,2019,430.095,169.73,대,준주거지역,25m미만
573,송도동,2019,542.729,1160.8,대,준주거지역,25m미만
574,청학동,2019,6.446,24.2,도로,제2종일반주거지역,8m미만
575,송도동,2019,422.017,165.87,대,준주거지역,25m미만
576,송도동,2019,875.657,85.65,대,준주거지역,25m미만
577,동춘동,2019,86.849,806.0,임야,제1종일반주거지역,-
578,동춘동,2019,135.279,85.32,전,자연녹지지역,-
579,동춘동,2019,135.27,133.57,전,자연녹지지역,-
580,동춘동,2019,148.069,466.0,전,제3종일반주거지역,-
581,송도동,2019,484.005,6611.5,대,중심상업지역,25m미만
582,송도동,2019,18.113,12682.6,학교용지,제2종일반주거지역,25m이상
583,송도동,2019,18.113,13171.2,학교용지,제2종일반주거지역,-
584,송도동,2019,513.766,330.89,대,준주거지역,25m미만
585,송도동,2019,758.947,171.29,대,준주거지역,25m미만
586,옥련동,2019,100.0,1.0,대,자연녹지지역,-
587,동춘동,2019,93.06,397.0,임야,제3종일반주거지역,-
588,옥련동,2019,103.447,3475.0,임야,자연녹지지역,25m이상
589,송도동,2019,858.194,171.29,대,준주거지역,25m미만
590,송도동,2019,992.469,171.29,대,준주거지역,25m미만
591,송도동,2019,422.756,165.58,대,준주거지역,12m미만
592,동춘동,2019,175.886,132.0,전,자연녹지지역,-
593,동춘동,2019,175.889,407.0,대,자연녹지지역,-
594,동춘동,2019,175.888,502.0,대,자연녹지지역,-
595,동춘동,2019,55.033,30.0,도로,자연녹지지역,-
596,동춘동,2019,164.037,729.0,전,자연녹지지역,-
597,동춘동,2019,192.571,66.5,대,자연녹지지역,-
598,동춘동,2019,184.913,92.0,대,자연녹지지역,-
599,동춘동,2019,164.006,1082.5,전,자연녹지지역,-
600,동춘동,2019,166.331,130.0,전,자연녹지지역,-
601,동춘동,2019,192.842,259.0,대,자연녹지지역,-
602,동춘동,2019,55.328,116.0,도로,자연녹지지역,-
603,동춘동,2019,192.688,325.5,대,자연녹지지역,-
604,동춘동,2019,164.002,411.5,목장용지,자연녹지지역,-
605,동춘동,2019,184.538,39.0,전,자연녹지지역,-
606,동춘동,2019,102.552,771.97,전,제2종일반주거지역,-
607,동춘동,2019,164.007,580.0,전,자연녹지지역,-
608,동춘동,2019,136.778,13.16,전,자연녹지지역,-
609,동춘동,2019,95.753,165.29,전,제1종일반주거지역,-
610,동춘동,2019,94.134,1854.0,전,제3종일반주거지역,-
611,동춘동,2019,140.513,224.0,답,제2종일반주거지역,-
612,송도동,2019,74.757,4000.0,학교용지,제2종일반주거지역,25m이상
613,동춘동,2019,64.569,3872.0,임야,제1종일반주거지역,-
614,송도동,2019,543.369,993.8,대,준주거지역,25m미만
615,동춘동,2019,62.277,1291.0,임야,제1종일반주거지역,-
616,동춘동,2019,108.85,1339.0,전,제3종일반주거지역,-
617,송도동,2019,542.757,82.91,대,준주거지역,25m미만
618,옥련동,2019,129.814,462.2,대,제2종일반주거지역,8m미만
619,동춘동,2019,169.097,288.0,대,제1종일반주거지역,8m미만
620,송도동,2019,165.777,6635.4,대,준주거지역,25m이상
621,옥련동,2019,133.078,9919.0,잡종지,자연녹지지역,25m이상
622,선학동,2019,132.559,59.4,도로,제1종일반주거지역,8m미만
623,송도동,2019,483.092,331.2,대,준주거지역,25m미만
624,송도동,2019,482.8,165.7,대,준주거지역,25m미만
625,동춘동,2019,144.937,79.0,대,제3종일반주거지역,-
626,동춘동,2019,133.931,145.0,대,제1종일반주거지역,-
627,연수동,2019,7.561,1349.0,임야,보전녹지지역,-
628,연수동,2019,7.563,952.0,임야,보전녹지지역,-
629,송도동,2019,90.75,28058.7,대,제3종일반주거지역,25m이상
630,송도동,2019,90.75,59231.1,대,제3종일반주거지역,25m이상
631,송도동,2019,90.75,82542.4,대,제3종일반주거지역,25m이상
632,동춘동,2019,35.174,522.0,도로,제3종일반주거지역,-
633,동춘동,2019,101.78,50.0,전,제3종일반주거지역,-
634,송도동,2019,287.368,5304.0,대,중심상업지역,25m이상
635,송도동,2019,287.417,3305.3,대,중심상업지역,25m이상
636,동춘동,2019,241.766,285.4,대,근린상업지역,8m미만
637,동춘동,2019,121.849,119.0,전,제3종일반주거지역,-
638,선학동,2019,120.805,149.0,전,제1종일반주거지역,12m미만
639,동춘동,2019,110.922,586.0,전,제1종일반주거지역,-
640,동춘동,2019,119.088,592.0,전,준주거지역,-
641,송도동,2019,482.451,82.91,대,준주거지역,25m미만
642,동춘동,2019,164.615,65.0,전,제1종일반주거지역,-
643,동춘동,2019,163.636,66.0,전,제1종일반주거지역,-
644,동춘동,2019,165.672,67.0,대,제1종일반주거지역,-
645,동춘동,2019,165.278,72.0,대,제3종일반주거지역,-
646,동춘동,2019,197.059,68.0,대,제3종일반주거지역,-
647,동춘동,2019,164.486,107.0,대,제3종일반주거지역,-
648,동춘동,2019,244.0,100.0,대,제1종일반주거지역,-
649,동춘동,2019,165.19,158.0,대,제3종일반주거지역,-
650,동춘동,2019,165.0,160.0,대,제1종일반주거지역,-
651,동춘동,2019,243.478,115.0,전,제1종일반주거지역,-
652,동춘동,2019,326.0,100.0,대,제1종일반주거지역,-
653,동춘동,2019,325.217,115.0,전,제1종일반주거지역,-
654,동춘동,2019,165.035,286.0,대,제3종일반주거지역,-
655,동춘동,2019,144.242,330.0,임야,제1종일반주거지역,-
656,동춘동,2019,165.714,35.0,대,제1종일반주거지역,-
657,동춘동,2019,165.789,38.0,대,제1종일반주거지역,-
658,동춘동,2019,164.583,48.0,대,제3종일반주거지역,-
659,동춘동,2019,196.962,395.0,대,제3종일반주거지역,-
660,동춘동,2019,164.0,50.0,전,제1종일반주거지역,-
661,동춘동,2019,40.0,25.0,임야,보전녹지지역,12m미만
662,동춘동,2019,133.333,21.0,전,제3종일반주거지역,-
663,동춘동,2019,135.88,602.0,전,제3종일반주거지역,-
664,동춘동,2019,120.168,238.0,도로,제3종일반주거지역,-
665,동춘동,2019,120.522,268.0,전,제3종일반주거지역,-
666,선학동,2019,50.919,25009.0,답,개발제한구역,8m미만
667,선학동,2019,50.919,221.0,답,개발제한구역,8m미만
668,선학동,2019,50.918,661.0,전,개발제한구역,8m미만
669,선학동,2019,50.919,939.0,답,개발제한구역,8m미만
670,선학동,2019,50.919,9982.0,잡종지,개발제한구역,8m미만
671,동춘동,2019,103.136,14.35,전,제3종일반주거지역,-
672,동춘동,2019,103.208,7.17,전,제3종일반주거지역,-
673,옥련동,2019,26.399,37.88,임야,일반상업지역,-
674,연수동,2019,30.909,33.0,임야,보전녹지지역,-
675,연수동,2019,31.212,33.0,임야,보전녹지지역,-
676,연수동,2019,30.6,40.0,임야,보전녹지지역,-
677,연수동,2019,30.681,47.0,임야,보전녹지지역,-
678,연수동,2019,30.9,50.0,임야,보전녹지지역,-
679,연수동,2019,31.212,66.0,임야,보전녹지지역,-
680,연수동,2019,31.212,99.0,임야,보전녹지지역,-
681,연수동,2019,31.212,132.0,임야,보전녹지지역,-
682,연수동,2019,30.294,17.0,임야,보전녹지지역,-
683,연수동,2019,29.75,24.0,임야,보전녹지지역,-
684,연수동,2020,29.1,50.0,임야,보전녹지지역,-
685,연수동,2020,29.4,50.0,임야,보전녹지지역,-
686,연수동,2020,29.697,66.0,임야,보전녹지지역,-
687,연수동,2020,27.714,7.0,임야,보전녹지지역,-
688,연수동,2020,28.0,7.0,임야,보전녹지지역,-
689,연수동,2020,29.534,73.0,임야,보전녹지지역,-
690,연수동,2020,29.604,96.0,임야,보전녹지지역,-
691,연수동,2020,29.697,99.0,임야,보전녹지지역,-
692,연수동,2020,29.4,10.0,임야,보전녹지지역,-
693,연수동,2020,29.186,113.0,임야,보전녹지지역,-
694,연수동,2020,29.569,116.0,임야,보전녹지지역,-
695,연수동,2020,28.529,17.0,임야,보전녹지지역,-
696,연수동,2020,28.824,17.0,임야,보전녹지지역,-
697,연수동,2020,29.4,20.0,임야,보전녹지지역,-
698,연수동,2020,29.037,27.0,임야,보전녹지지역,-
699,연수동,2020,29.394,33.0,임야,보전녹지지역,-
700,연수동,2020,28.0,35.0,임야,보전녹지지역,-
701,옥련동,2020,261.818,55.0,전,제2종일반주거지역,12m미만
702,송도동,2020,482.305,331.74,대,준주거지역,25m미만
703,송도동,2020,663.91,331.37,대,준주거지역,25m미만
704,송도동,2020,664.081,662.57,대,준주거지역,12m미만
705,송도동,2020,542.724,165.83,대,준주거지역,12m미만
706,청학동,2020,2.4,1250.0,임야,보전녹지지역,8m미만
707,동춘동,2020,154.036,662.0,전,제1종일반주거지역,-
708,동춘동,2020,109.845,12.29,전,제1종일반주거지역,-
709,동춘동,2020,109.604,18.43,전,제1종일반주거지역,-
710,동춘동,2020,117.812,640.0,임야,제1종일반주거지역,-
711,동춘동,2020,102.142,887.0,임야,제1종일반주거지역,-
712,송도동,2020,120.006,11349.3,대,준주거지역,25m이상
713,송도동,2020,120.006,17373.1,대,준주거지역,25m이상
714,동춘동,2020,108.76,968.0,임야,제1종일반주거지역,-
715,동춘동,2020,84.448,1421.0,답,자연녹지지역,25m이상
716,동춘동,2020,146.142,635.0,전,제3종일반주거지역,-
717,옥련동,2020,227.0,1.0,전,제3종일반주거지역,25m이상
718,송도동,2020,91.742,2557.4,대,제2종일반주거지역,-
719,옥련동,2020,226.876,202.0,전,제3종일반주거지역,25m이상
720,옥련동,2020,226.875,353.0,임야,제3종일반주거지역,25m이상
721,선학동,2020,31.136,1092.0,답,개발제한구역,8m미만
722,송도동,2020,591.996,84.46,대,준주거지역,25m미만
723,송도동,2020,482.069,170.1,대,준주거지역,25m미만
724,동춘동,2020,51.425,3676.0,임야,자연녹지지역,-
725,동춘동,2020,132.331,532.0,전,제3종일반주거지역,-
726,송도동,2020,694.205,1159.6,대,준주거지역,25m미만
727,동춘동,2020,155.439,478.0,전,제1종일반주거지역,-
728,동춘동,2020,201.363,322.8,대,제1종일반주거지역,25m미만
729,송도동,2020,542.757,82.91,대,준주거지역,25m미만
730,동춘동,2020,147.812,150.57,전,자연녹지지역,-
731,옥련동,2020,347.561,82.0,주유소용지,준주거지역,-
732,동춘동,2020,151.818,235.71,전,자연녹지지역,-
733,옥련동,2020,347.26,146.0,주유소용지,준주거지역,-
734,송도동,2020,542.823,165.8,대,준주거지역,25m미만
735,송도동,2020,664.131,165.63,대,준주거지역,25m미만
736,송도동,2020,542.724,165.83,대,준주거지역,25m미만
737,송도동,2020,694.319,165.63,대,준주거지역,25m미만
738,청학동,2020,2.755,36.3,도로,제2종일반주거지역,8m미만
739,선학동,2020,58.195,205.0,전,개발제한구역,8m미만
740,송도동,2020,401.013,165.83,대,준주거지역,12m미만
741,송도동,2020,422.017,165.87,대,준주거지역,25m미만
742,송도동,2020,422.195,165.8,대,준주거지역,25m미만
743,송도동,2020,634.211,165.56,대,준주거지역,25m미만
744,선학동,2020,53.672,177.0,전,개발제한구역,12m미만
745,송도동,2020,694.612,165.56,대,준주거지역,25m미만
746,송도동,2020,591.002,82.91,대,준주거지역,25m미만
747,송도동,2020,621.755,165.66,대,준주거지역,25m미만
748,송도동,2020,542.724,165.83,대,준주거지역,12m미만
749,송도동,2020,18.348,12673.1,학교용지,제2종일반주거지역,25m이상
750,동춘동,2020,158.174,188.4,전,자연녹지지역,-
751,동춘동,2020,152.616,344.0,잡종지,제3종일반주거지역,-
752,송도동,2020,730.5,165.64,대,준주거지역,12m미만
753,송도동,2020,730.5,165.64,대,준주거지역,12m미만
754,동춘동,2020,183.544,474.0,대,제3종일반주거지역,-
755,동춘동,2020,220.819,894.5,대,제1종일반주거지역,25m미만
756,동춘동,2020,220.819,894.5,대,제1종일반주거지역,25m미만
757,동춘동,2020,208.037,754.0,대,자연녹지지역,-
758,송도동,2020,499.706,170.1,대,준주거지역,25m미만
759,동춘동,2020,156.468,487.0,전,제2종일반주거지역,-
760,청학동,2020,27.407,135.0,전,제1종일반주거지역,12m미만
761,청학동,2020,34.815,135.0,전,제1종일반주거지역,12m미만
762,옥련동,2020,175.389,334.0,임야,제1종일반주거지역,8m미만
763,동춘동,2020,25.316,79.0,대,자연녹지지역,25m이상
764,선학동,2020,2.95,1133.33,임야,보전녹지지역,-
765,동춘동,2020,167.315,514.0,대,자연녹지지역,8m미만
766,동춘동,2020,188.892,664.0,전,자연녹지지역,-
767,선학동,2020,27.226,3223.0,전,개발제한구역,8m미만
768,송도동,2020,743.47,1818.5,대,준주거지역,25m미만
769,송도동,2020,743.47,1818.5,대,준주거지역,25m미만
770,송도동,2020,887.994,84.46,대,준주거지역,25m미만
771,청학동,2020,135.397,103.4,대,제2종일반주거지역,12m미만
772,옥련동,2020,135.802,162.0,대,제3종일반주거지역,-
773,선학동,2020,148.087,46.0,전,제1종일반주거지역,-
774,송도동,2020,694.444,165.6,대,준주거지역,25m미만
775,송도동,2020,709.828,338.11,대,준주거지역,25m미만
776,송도동,2020,709.828,338.11,대,준주거지역,25m미만
777,송도동,2020,512.666,331.6,대,준주거지역,25m미만
778,동춘동,2020,63.636,44.0,임야,제1종일반주거지역,-
779,송도동,2020,512.573,497.49,대,준주거지역,25m미만
780,송도동,2020,785.024,331.2,대,준주거지역,25m미만
781,송도동,2020,512.666,165.8,대,준주거지역,25m미만
782,송도동,2020,544.004,165.44,대,준주거지역,25m미만
783,청학동,2020,148.305,70.8,대,제2종일반주거지역,12m미만
784,선학동,2020,176.796,181.0,대,제1종일반주거지역,8m미만
785,송도동,2020,502.84,169.04,대,준주거지역,25m미만
786,송도동,2020,709.849,169.05,대,준주거지역,25m미만
787,송도동,2020,709.807,84.53,대,준주거지역,25m미만
788,송도동,2020,574.78,170.5,대,준주거지역,25m미만
789,송도동,2020,694.444,82.8,대,준주거지역,25m미만
790,송도동,2020,542.724,331.66,대,준주거지역,25m미만
791,선학동,2020,20.408,294.0,전,개발제한구역,8m미만
792,송도동,2020,90.251,4504.0,대,준주거지역,25m미만
793,선학동,2020,151.274,628.0,대,제1종일반주거지역,8m미만
794,송도동,2020,603.08,170.79,대,준주거지역,25m미만
795,송도동,2020,754.649,165.64,대,준주거지역,12m미만
796,송도동,2020,754.831,165.6,대,준주거지역,12m미만
797,선학동,2020,182.415,762.0,대,제1종일반주거지역,12m미만
798,동춘동,2020,249.247,149.41,대,자연녹지지역,-
799,동춘동,2020,156.01,494.0,전,제1종일반주거지역,-
800,동춘동,2020,249.219,35.23,대,제1종일반주거지역,-
801,옥련동,2020,211.286,457.2,대,준주거지역,25m미만
802,선학동,2020,208.0,78.0,잡종지,제1종일반주거지역,8m미만
803,선학동,2020,154.891,46.0,전,제1종일반주거지역,-
804,청학동,2020,178.947,19.0,대,제1종일반주거지역,-
805,동춘동,2020,150.968,473.61,전,제1종일반주거지역,-
806,선학동,2020,207.684,96.3,대,제1종일반주거지역,8m미만
807,옥련동,2020,272.195,164.0,대,제3종일반주거지역,-
808,옥련동,2020,272.394,188.0,대,제3종일반주거지역,-
809,옥련동,2020,272.153,209.0,대,제2종일반주거지역,-
810,선학동,2020,252.845,237.3,대,제1종일반주거지역,8m미만
811,동춘동,2020,254.578,49.8,대,자연녹지지역,-
812,동춘동,2020,254.578,49.8,대,자연녹지지역,-
813,동춘동,2020,254.6,11.74,대,제1종일반주거지역,-
814,동춘동,2020,254.6,11.74,대,제1종일반주거지역,-
815,동춘동,2020,124.023,348.0,전,제1종일반주거지역,-
816,옥련동,2020,272.222,162.0,대,제3종일반주거지역,-
817,옥련동,2020,272.222,162.0,대,제1종일반주거지역,-
818,옥련동,2020,272.093,172.0,대,자연녹지지역,-
819,옥련동,2020,172.414,29.0,전,자연녹지지역,-
820,옥련동,2020,183.333,12.0,답,준주거지역,-
821,옥련동,2020,211.366,256.9,대,일반상업지역,25m미만
822,옥련동,2020,211.553,266.6,대,일반상업지역,8m미만
823,옥련동,2020,211.553,266.6,대,일반상업지역,8m미만
824,송도동,2020,789.022,874.5,대,준주거지역,25m미만
825,옥련동,2020,102.1,60.0,대,제1종일반주거지역,8m미만
826,송도동,2020,91.743,4100.3,학교용지,제2종일반주거지역,25m미만
827,연수동,2020,6.651,872.0,임야,보전녹지지역,-
828,동춘동,2020,149.38,484.0,전,제1종일반주거지역,-
829,선학동,2020,165.455,55.0,임야,제1종일반주거지역,-
830,송도동,2020,799.418,67774.3,대,제3종일반주거지역,25m미만
831,송도동,2020,598.339,104556.1,대,자연녹지지역,25m미만
832,옥련동,2020,178.407,1174.0,답,제3종일반주거지역,8m미만
833,옥련동,2020,226.48,1250.0,전,제3종일반주거지역,25m이상
834,옥련동,2020,178.395,243.0,답,제3종일반주거지역,8m미만
835,송도동,2020,90.251,4335.0,대,준주거지역,25m미만
836,옥련동,2020,113.177,371.1,대,준주거지역,8m미만
837,송도동,2020,90.251,4673.9,대,준주거지역,25m미만
838,옥련동,2020,0.978,2044.0,임야,보전녹지지역,-
839,옥련동,2020,0.501,3995.0,임야,보전녹지지역,8m미만
840,청학동,2020,0.392,5106.0,임야,보전녹지지역,12m미만
841,송도동,2020,543.249,165.67,대,준주거지역,12m미만
842,동춘동,2020,22.414,232.0,임야,자연녹지지역,8m미만
843,송도동,2020,858.344,168.93,대,준주거지역,25m미만
844,송도동,2020,858.344,168.93,대,준주거지역,25m미만
845,송도동,2020,858.344,168.93,대,준주거지역,25m미만
846,옥련동,2020,171.175,2950.2,대,준주거지역,25m미만
847,옥련동,2020,170.587,556.9,대,준주거지역,25m미만
848,송도동,2020,858.395,84.46,대,준주거지역,25m미만
849,송도동,2020,754.831,165.6,대,준주거지역,12m미만
850,송도동,2020,966.184,165.6,대,준주거지역,12m미만
851,송도동,2020,563.783,497.0,대,준주거지역,12m미만
852,송도동,2020,712.923,828.0,대,준주거지역,12m미만
853,송도동,2020,603.743,993.8,대,준주거지역,25m미만
854,송도동,2020,644.642,1160.8,대,준주거지역,12m미만
855,송도동,2020,655.496,1160.8,대,준주거지역,25m미만
856,송도동,2020,707.521,1159.4,대,준주거지역,25m미만
857,선학동,2020,23.382,4063.0,전,개발제한구역,-
858,송도동,2020,1205.691,82.94,대,준주거지역,25m미만
859,선학동,2020,149.88,83.4,대,제1종일반주거지역,12m미만
860,송도동,2020,844.034,165.87,대,준주거지역,25m미만
861,송도동,2020,542.724,165.83,대,준주거지역,25m미만
862,동춘동,2020,217.477,304.4,대,근린상업지역,8m미만
863,옥련동,2020,125.933,15.0,대,자연녹지지역,-
864,옥련동,2020,101.169,24.8,전,일반상업지역,-
865,송도동,2020,651.938,165.66,대,준주거지역,25m미만
866,동춘동,2020,168.773,872.0,전,제1종일반주거지역,-
867,송도동,2020,859.375,1241.6,대,준주거지역,25m이상
868,선학동,2020,66.853,75.0,답,개발제한구역,25m이상
869,청학동,2020,17.137,496.0,임야,보전녹지지역,-
870,동춘동,2020,167.865,445.0,전,제1종일반주거지역,-
871,동춘동,2020,131.25,24.0,대,제1종일반주거지역,-
872,옥련동,2020,291.545,102.9,대,일반상업지역,12m미만
873,옥련동,2020,308.325,97.3,대,일반상업지역,12m미만
874,옥련동,2020,294.464,169.8,대,일반상업지역,8m미만
875,송도동,2020,650.739,2423.4,대,준주거지역,25m미만
876,청학동,2020,176.909,107.4,대,제2종일반주거지역,12m미만
877,청학동,2020,176.909,107.4,대,제2종일반주거지역,12m미만
878,동춘동,2020,171.187,337.0,전,제1종일반주거지역,-
879,동춘동,2020,94.787,1140.0,대,제2종일반주거지역,-
880,동춘동,2020,56.71,200.0,대,제1종일반주거지역,12m미만
881,동춘동,2020,56.71,200.0,대,제1종일반주거지역,12m미만
882,동춘동,2020,56.714,240.7,대,제1종일반주거지역,12m미만
883,동춘동,2020,56.711,242.0,대,제1종일반주거지역,12m미만
884,동춘동,2020,56.711,257.2,대,제1종일반주거지역,12m미만
885,동춘동,2020,56.71,312.5,대,제1종일반주거지역,12m미만
886,동춘동,2020,56.713,318.5,대,제1종일반주거지역,12m미만
887,동춘동,2020,56.711,328.1,대,제1종일반주거지역,12m미만
888,동춘동,2020,56.713,366.9,대,제1종일반주거지역,12m미만
889,동춘동,2020,56.713,380.9,대,제1종일반주거지역,12m미만
890,동춘동,2020,56.712,403.9,대,제1종일반주거지역,12m미만
891,동춘동,2020,177.251,179.0,전,제2종일반주거지역,25m이상
892,동춘동,2020,56.712,667.5,대,제1종일반주거지역,12m미만
893,동춘동,2020,177.241,316.0,대,제2종일반주거지역,25m이상
894,동춘동,2020,177.222,36.0,전,제2종일반주거지역,25m이상
895,동춘동,2020,257.235,311.0,대,자연녹지지역,-
896,송도동,2020,858.344,168.93,대,준주거지역,25m미만
897,선학동,2020,126.183,317.0,전,자연녹지지역,12m미만
898,옥련동,2020,101.169,24.8,전,일반상업지역,-
899,옥련동,2020,186.89,535.0,전,제3종일반주거지역,8m미만
900,송도동,2020,530.504,41.47,대,준주거지역,25m미만
901,옥련동,2020,26.399,37.88,임야,일반상업지역,-
902,옥련동,2020,182.759,29.0,전,자연녹지지역,-
903,송도동,2020,876.103,168.93,대,준주거지역,25m미만
904,송도동,2020,876.103,168.93,대,준주거지역,25m미만
905,송도동,2020,876.103,168.93,대,준주거지역,25m미만
906,송도동,2020,876.128,337.85,대,준주거지역,25m미만
907,송도동,2020,357.284,15393.9,대,중심상업지역,25m이상
908,옥련동,2020,136.878,442.0,대,제2종일반주거지역,8m미만
909,옥련동,2020,193.941,203.0,대,제2종일반주거지역,8m미만
910,송도동,2020,858.344,168.93,대,준주거지역,25m미만
911,동춘동,2020,100.121,826.0,임야,제1종일반주거지역,-
912,옥련동,2020,162.866,214.9,대,준주거지역,8m미만
913,송도동,2020,316.761,35624.0,대,용도미지정,-
914,송도동,2020,316.761,42469.0,대,용도미지정,-
915,옥련동,2020,179.0,143.0,전,제3종일반주거지역,25m이상
916,송도동,2020,906.637,248.17,대,준주거지역,25m미만
917,송도동,2020,906.673,82.72,대,준주거지역,25m미만
918,옥련동,2020,89.52,423.0,잡종지,자연녹지지역,25m이상
919,옥련동,2020,89.52,423.0,잡종지,자연녹지지역,25m이상
920,옥련동,2020,89.52,4750.0,잡종지,자연녹지지역,-
921,옥련동,2020,89.52,4750.0,잡종지,자연녹지지역,-
922,옥련동,2020,89.52,4959.0,잡종지,자연녹지지역,25m이상
923,옥련동,2020,89.52,4959.0,잡종지,자연녹지지역,25m이상
924,옥련동,2020,89.52,5354.5,잡종지,자연녹지지역,-
925,옥련동,2020,89.52,5354.5,잡종지,자연녹지지역,-
926,옥련동,2020,89.52,711.0,잡종지,자연녹지지역,-
927,옥련동,2020,89.52,711.0,잡종지,자연녹지지역,-
928,송도동,2020,542.823,165.8,대,준주거지역,25m미만
929,연수동,2020,30.9,100.0,임야,보전녹지지역,-
930,송도동,2020,357.284,15393.9,대,중심상업지역,25m이상
931,송도동,2020,482.422,165.83,대,준주거지역,25m미만
932,동춘동,2020,134.179,202.9,대,준주거지역,8m미만
933,동춘동,2020,134.179,202.9,대,준주거지역,8m미만
934,선학동,2020,39.964,1101.0,전,개발제한구역,8m미만
935,송도동,2020,789.022,874.5,대,준주거지역,25m미만
936,선학동,2020,186.747,664.0,전,제1종일반주거지역,8m미만
937,청학동,2020,122.867,146.5,대,제2종일반주거지역,12m미만
938,동춘동,2020,122.533,150.0,대,제1종일반주거지역,-
939,동춘동,2020,120.327,214.0,대,제1종일반주거지역,-
940,송도동,2020,119.212,14000.0,학교용지,제3종일반주거지역,25m이상
941,송도동,2020,119.212,15000.2,학교용지,준주거지역,25m이상
942,송도동,2020,119.212,141280.8,대,준주거지역,25m이상
943,송도동,2020,119.212,27859.6,대,준주거지역,25m이상
944,송도동,2020,119.212,31668.3,대,준주거지역,25m이상
945,송도동,2020,119.212,32416.6,대,준주거지역,-
946,송도동,2020,119.212,3000.1,학교용지,준주거지역,-
947,송도동,2020,119.212,35758.8,대,제3종일반주거지역,25m이상
948,송도동,2020,119.212,41223.5,대,제3종일반주거지역,25m이상
949,송도동,2020,119.212,342219.0,대,용도미지정,-
950,송도동,2020,37.208,141291.0,대,용도미지정,-
951,동춘동,2020,81.395,43.0,도로,제2종일반주거지역,8m미만
952,동춘동,2020,81.395,43.0,도로,제2종일반주거지역,8m미만
953,동춘동,2020,149.367,395.0,임야,제3종일반주거지역,-
954,동춘동,2021,260.0,1.0,답,준주거지역,-
955,동춘동,2021,262.878,1883.0,잡종지,준주거지역,-
956,동춘동,2021,261.6,25.0,도로,준주거지역,-
957,동춘동,2021,262.537,339.0,도로,준주거지역,-
958,동춘동,2021,262.857,35.0,잡종지,준주거지역,-
959,옥련동,2021,182.124,113.0,대,자연녹지지역,-
960,동춘동,2021,177.528,445.0,전,제1종일반주거지역,-
961,옥련동,2021,338.164,207.0,대,일반상업지역,-
962,동춘동,2021,175.074,337.0,전,제1종일반주거지역,-
963,동춘동,2021,227.273,44.0,도로,제2종일반주거지역,8m미만
964,동춘동,2021,225.0,60.0,도로,제2종일반주거지역,8m미만
965,동춘동,2021,225.0,20.0,도로,제2종일반주거지역,8m미만
966,동춘동,2021,155.128,624.0,임야,제1종일반주거지역,-
967,동춘동,2021,114.286,7.0,임야,자연녹지지역,-
968,옥련동,2021,151.502,71.92,대,제2종일반주거지역,-
969,옥련동,2021,184.783,92.0,임야,제1종일반주거지역,8m미만
970,옥련동,2021,185.714,140.0,임야,제1종일반주거지역,8m미만
971,옥련동,2021,144.306,60.33,대,제2종일반주거지역,-
972,송도동,2021,376.5,28924.3,대,일반상업지역,25m이상
973,동춘동,2021,383.591,448.24,대,자연녹지지역,-
974,동춘동,2021,383.601,105.68,대,제2종일반주거지역,-
975,동춘동,2021,163.535,74.18,답,제1종일반주거지역,-
976,동춘동,2021,163.627,74.45,답,자연녹지지역,-
977,동춘동,2021,163.513,120.4,답,제1종일반주거지역,-
978,옥련동,2021,196.135,207.0,대,제1종일반주거지역,12m미만
979,동춘동,2021,171.084,415.0,임야,제1종일반주거지역,-
980,송도동,2021,602.882,165.87,대,준주거지역,25m미만
981,송도동,2021,603.136,165.8,대,준주거지역,25m미만
982,송도동,2021,603.136,165.8,대,준주거지역,25m미만
983,송도동,2021,602.882,165.87,대,준주거지역,25m미만
984,송도동,2021,602.882,165.87,대,준주거지역,25m미만
985,송도동,2021,633.293,165.8,대,준주거지역,25m미만
986,송도동,2021,633.293,165.8,대,준주거지역,25m미만
987,송도동,2021,633.293,165.8,대,준주거지역,25m미만
988,송도동,2021,603.136,331.6,대,준주거지역,25m미만
989,송도동,2021,602.845,41.47,대,준주거지역,25m미만
990,선학동,2021,90.234,942.0,전,개발제한구역,25m이상
991,송도동,2021,289.252,1970.6,대,준주거지역,25m미만
992,청학동,2021,171.0,2.0,대,제1종일반주거지역,8m미만
993,송도동,2021,380.5,2300.0,종교용지,제1종일반주거지역,25m이상
994,선학동,2021,151.079,278.0,대,제1종일반주거지역,12m미만
995,옥련동,2021,133.112,9500.0,잡종지,자연녹지지역,-
996,옥련동,2021,133.091,9918.0,잡종지,자연녹지지역,25m이상
997,옥련동,2021,133.122,10709.0,잡종지,자연녹지지역,-
998,송도동,2021,662.611,166.01,대,용도미지정,-
999,옥련동,2021,133.144,846.0,잡종지,자연녹지지역,25m이상
1000,송도동,2021,722.848,166.01,대,용도미지정,-
1001,옥련동,2021,133.052,1422.0,잡종지,자연녹지지역,-
1002,선학동,2021,12.963,54.0,제방,개발제한구역,8m미만
1003,동춘동,2021,101.749,629.0,임야,제1종일반주거지역,-
1004,옥련동,2021,83.085,201.0,임야,자연녹지지역,12m미만
1005,옥련동,2021,423.923,13.0,도로,제2종일반주거지역,25m이상
1006,옥련동,2021,423.886,167.0,대,제2종일반주거지역,25m이상
1007,옥련동,2021,183.246,191.0,대,제1종일반주거지역,8m미만
1008,옥련동,2021,183.655,326.7,대,제1종일반주거지역,8m미만
1009,옥련동,2021,114.491,585.2,대,제2종일반주거지역,12m미만
1010,선학동,2021,69.502,1446.0,전,개발제한구역,25m이상
1011,선학동,2021,73.333,75.0,답,개발제한구역,25m이상
1012,옥련동,2021,655.063,106.86,대,자연녹지지역,-
1013,옥련동,2021,172.84,202.5,대,준주거지역,8m미만
1014,옥련동,2021,393.557,1133.0,전,제3종일반주거지역,25m이상
1015,옥련동,2021,390.0,170.0,도로,제3종일반주거지역,25m이상
1016,송도동,2021,192.5,3864.5,대,준주거지역,25m미만
1017,옥련동,2021,22.727,22.0,도로,제1종일반주거지역,8m미만
1018,옥련동,2021,22.727,22.0,도로,제1종일반주거지역,8m미만
1019,옥련동,2021,127.193,114.0,대,제2종일반주거지역,-
1020,옥련동,2021,193.009,113.0,대,자연녹지지역,-
1021,송도동,2021,589.159,1018.4,대,준주거지역,25m미만
1022,송도동,2021,587.438,1446.96,대,준주거지역,25m미만
1023,송도동,2021,76.295,3662.8,학교용지,제3종일반주거지역,25m미만
1024,송도동,2021,589.171,169.73,대,준주거지역,25m미만
1025,송도동,2021,734.301,170.23,대,준주거지역,25m미만
1026,송도동,2021,748.247,169.73,대,준주거지역,25m미만
1027,송도동,2021,1527.256,85.12,대,준주거지역,25m미만
1028,옥련동,2021,51.064,47.0,대,제3종일반주거지역,-
1029,옥련동,2021,55.556,9.0,도로,제1종일반주거지역,12m미만
1030,동춘동,2021,121.843,293.0,전,제1종일반주거지역,-
1031,연수동,2021,8.631,869.0,임야,보전녹지지역,-
1032,동춘동,2021,203.443,255.6,대,준주거지역,8m미만
1033,송도동,2021,37.207,141280.8,대,준주거지역,25m이상
1034,송도동,2021,572.876,165.83,대,준주거지역,12m미만
1035,송도동,2021,572.876,165.83,대,준주거지역,12m미만
1036,동춘동,2021,242.323,478.7,대,근린상업지역,12m미만
1037,동춘동,2021,491.591,309.2,대,근린상업지역,25m이상
1038,옥련동,2021,152.0,119.0,대,자연녹지지역,25m미만
1039,옥련동,2021,96.899,198.0,도로,자연녹지지역,25m이상
1040,옥련동,2021,152.0,19.0,대,자연녹지지역,25m미만
1041,옥련동,2021,105.5,192.0,대,자연녹지지역,8m미만
1042,옥련동,2021,74.85,320.0,전,자연녹지지역,8m미만
1043,옥련동,2021,150.0,214.98,대,자연녹지지역,8m미만
1044,옥련동,2021,51.1,1200.0,전,자연녹지지역,-
1045,옥련동,2021,62.8,1119.0,전,자연녹지지역,8m미만
1046,옥련동,2021,75.0,1.0,전,자연녹지지역,25m이상
1047,옥련동,2021,74.848,112.0,전,자연녹지지역,25m이상
1048,옥련동,2021,401.115,26.0,대,제2종일반주거지역,25m이상
1049,옥련동,2021,404.833,6.0,대,제2종일반주거지역,25m이상
1050,옥련동,2021,402.636,11.0,대,제2종일반주거지역,25m이상
1051,송도동,2021,648.088,169.73,대,준주거지역,25m미만
1052,송도동,2021,573.741,165.58,대,준주거지역,12m미만
1053,송도동,2021,573.741,165.58,대,준주거지역,12m미만
1054,옥련동,2021,250.0,4.0,대,제2종일반주거지역,12m미만
1055,동춘동,2021,320.28,407.0,답,자연녹지지역,25m이상
1056,동춘동,2021,320.286,91.0,답,자연녹지지역,25m이상
1057,선학동,2021,197.869,328.5,대,제1종일반주거지역,8m미만
1058,송도동,2021,232.456,7493.9,대,준주거지역,25m미만
1059,송도동,2021,637.002,165.56,대,준주거지역,25m미만
1060,선학동,2021,44.412,3445.0,전,개발제한구역,8m미만
1061,청학동,2021,368.288,515.9,대,중심상업지역,25m미만
1062,옥련동,2021,209.811,132.5,대,제2종일반주거지역,8m미만
1063,옥련동,2021,210.448,134.0,대,제2종일반주거지역,8m미만
1064,송도동,2021,644.678,2577.1,대,준주거지역,25m이상
1065,송도동,2021,802.812,4081.9,대,준주거지역,25m이상
1066,동춘동,2021,242.357,363.1,대,근린상업지역,8m미만
1067,송도동,2021,694.444,165.6,대,준주거지역,25m미만
1068,선학동,2021,42.403,1007.0,전,자연녹지지역,-
1069,옥련동,2021,197.044,345.1,대,준주거지역,8m미만
1070,옥련동,2021,125.0,16.0,전,제1종일반주거지역,8m미만
1071,옥련동,2021,125.0,16.0,전,제1종일반주거지역,8m미만
1072,옥련동,2021,125.0,16.0,전,제1종일반주거지역,8m미만
1073,옥련동,2021,125.0,16.0,전,제1종일반주거지역,8m미만
1074,동춘동,2021,175.758,660.0,전,제1종일반주거지역,-
1075,동춘동,2021,186.944,337.0,전,제1종일반주거지역,-
1076,옥련동,2021,44.722,18.0,도로,제2종일반주거지역,12m미만
1077,선학동,2021,122.315,298.0,대,제1종일반주거지역,-
1078,선학동,2021,197.869,328.5,대,제1종일반주거지역,8m미만
1079,선학동,2021,144.804,537.0,전,제1종일반주거지역,8m미만
1080,옥련동,2021,167.0,30.0,전,제2종일반주거지역,12m미만
1081,송도동,2021,603.938,165.58,대,준주거지역,12m미만
1082,옥련동,2021,135.0,10107.0,잡종지,자연녹지지역,12m미만
1083,옥련동,2021,44.5,1215.0,잡종지,자연녹지지역,25m이상
1084,옥련동,2021,44.5,18.0,잡종지,자연녹지지역,25m이상
1085,옥련동,2021,44.5,2.0,잡종지,자연녹지지역,25m이상
1086,송도동,2021,723.633,165.83,대,준주거지역,12m미만
1087,송도동,2021,694.507,331.17,대,준주거지역,12m미만
1088,송도동,2021,693.492,663.31,대,준주거지역,12m미만
1089,송도동,2021,911.378,874.5,대,준주거지역,25m미만
1090,송도동,2021,76.295,6003.9,공장용지,준주거지역,25m미만
1091,송도동,2021,572.876,165.83,대,준주거지역,12m미만
1092,청학동,2021,272.037,36.87,대,제2종일반주거지역,12m미만
1093,청학동,2021,272.167,37.33,대,제2종일반주거지역,12m미만
1094,청학동,2021,272.167,37.33,대,제2종일반주거지역,12m미만
1095,청학동,2021,272.167,37.33,대,제2종일반주거지역,12m미만
1096,청학동,2021,287.255,36.17,대,제2종일반주거지역,12m미만
1097,청학동,2021,287.168,37.33,대,제2종일반주거지역,12m미만
1098,청학동,2021,544.374,36.17,대,제2종일반주거지역,12m미만
1099,청학동,2021,544.334,37.33,대,제2종일반주거지역,12m미만
1100,청학동,2021,272.165,176.29,대,제2종일반주거지역,12m미만
1101,청학동,2021,272.218,181.95,대,제2종일반주거지역,12m미만
1102,청학동,2021,248.04,35.72,대,제2종일반주거지역,12m미만
1103,청학동,2021,247.898,36.87,대,제2종일반주거지역,12m미만
1104,청학동,2021,271.991,34.56,대,제2종일반주거지역,12m미만
1105,청학동,2021,271.991,34.56,대,제2종일반주거지역,12m미만
1106,청학동,2021,272.218,35.67,대,제2종일반주거지역,12m미만
1107,청학동,2021,272.218,35.67,대,제2종일반주거지역,12m미만
1108,청학동,2021,272.116,35.72,대,제2종일반주거지역,12m미만
1109,청학동,2021,272.049,36.17,대,제2종일반주거지역,12m미만
1110,청학동,2021,272.049,36.17,대,제2종일반주거지역,12m미만
1111,청학동,2021,272.049,36.17,대,제2종일반주거지역,12m미만
1112,송도동,2021,76.295,10434.1,공장용지,준공업지역,25m이상
1113,송도동,2021,572.876,165.83,대,준주거지역,12m미만
1114,선학동,2021,18.519,54.0,제방,개발제한구역,8m미만
1115,동춘동,2021,122.805,110.5,대,제3종일반주거지역,-
1116,동춘동,2021,104.615,65.0,대,보전녹지지역,8m미만
1117,선학동,2021,144.804,537.0,전,제1종일반주거지역,8m미만
1118,동춘동,2021,94.964,695.0,임야,자연녹지지역,8m미만
1119,동춘동,2021,161.514,634.0,임야,제1종일반주거지역,-
1120,동춘동,2021,158.915,645.0,임야,제1종일반주거지역,-
1121,동춘동,2021,158.915,645.0,임야,제1종일반주거지역,-
1122,동춘동,2021,166.79,676.0,임야,제1종일반주거지역,-
1123,옥련동,2021,133.148,162.0,임야,제1종일반주거지역,12m미만
1124,청학동,2021,200.714,42.0,잡종지,제1종일반주거지역,12m미만
1125,옥련동,2021,87.873,569.0,대,제2종일반주거지역,-
1126,동춘동,2021,74.074,891.0,임야,자연녹지지역,8m미만
1127,송도동,2021,852.0,827.4,대,준주거지역,25m이상
1128,동춘동,2021,178.082,730.0,전,제1종일반주거지역,-
1129,동춘동,2021,250.453,331.0,대,제1종일반주거지역,-
1130,옥련동,2021,199.095,442.0,대,제2종일반주거지역,8m미만
1131,동춘동,2021,147.659,19705.0,임야,제3종일반주거지역,-
1132,옥련동,2021,353.774,33.92,대,제2종일반주거지역,12m미만
1133,옥련동,2021,140.797,128.0,도로,제2종일반주거지역,8m미만
1134,송도동,2021,841.296,166.41,대,준주거지역,25m이상
1135,옥련동,2021,272.093,172.0,대,자연녹지지역,-
1136,옥련동,2021,34.551,792.0,도로,자연녹지지역,12m미만
1137,옥련동,2021,149.972,35.7,임야,자연녹지지역,8m미만
1138,옥련동,2021,34.548,177.0,도로,제2종일반주거지역,12m미만
1139,송도동,2021,784.692,165.67,대,준주거지역,25m미만
1140,동춘동,2021,131.399,586.0,임야,제1종일반주거지역,-
1141,연수동,2021,309.278,48.5,대,제2종일반주거지역,8m미만
1142,송도동,2021,784.692,165.67,대,준주거지역,25m미만
1143,송도동,2021,76.295,10279.0,공장용지,준공업지역,25m이상
1144,송도동,2021,784.692,165.67,대,준주거지역,25m미만
1145,옥련동,2021,286.047,258.0,대,제2종일반주거지역,-
1146,송도동,2021,603.865,165.6,대,준주거지역,25m미만
1147,송도동,2021,92.937,988.0,주차장,일반상업지역,25m미만
1148,옥련동,2021,225.58,469.9,대,준주거지역,12m미만
1149,선학동,2021,44.3,2120.0,전,개발제한구역,8m미만
1150,동춘동,2021,135.248,113.0,도로,제2종일반주거지역,8m미만
1151,동춘동,2021,135.566,189.0,도로,제2종일반주거지역,8m미만
1152,동춘동,2021,123.5,362.3,대,용도미지정,-
1153,송도동,2021,76.295,2542.0,학교용지,용도미지정,-
1154,옥련동,2021,199.095,442.0,대,제2종일반주거지역,8m미만
1155,동춘동,2021,332.732,60.98,잡종지,자연녹지지역,-
1156,송도동,2021,126.256,9924.4,대,준주거지역,25m이상
1157,동춘동,2021,213.445,595.0,전,제3종일반주거지역,-
1158,송도동,2021,784.692,165.67,대,준주거지역,25m미만
1159,청학동,2021,1185.278,1282.4,대,중심상업지역,25m미만
1160,옥련동,2021,150.651,122.8,대,제2종일반주거지역,8m미만
1161,송도동,2021,108.632,30413.8,대,준주거지역,25m이상
1162,동춘동,2021,247.059,17.0,도로,제2종일반주거지역,8m미만
